{
  "project_info": {
    "project_number": "606475662442",
    "firebase_url": "https://hybridgamesfinal.firebaseio.com",
    "project_id": "hybridgamesfinal",
    "storage_bucket": "hybridgamesfinal.appspot.com"
  },
  "client": [
    {
      "client_info": {
        "mobilesdk_app_id": "1:606475662442:android:7fe50e1d134fb26b1e0613",
        "android_client_info": {
          "package_name": "com.DefaultCompany.HybridGames"
        }
      },
      "oauth_client": [
        {
          "client_id": "606475662442-98ee9cb1qdi1oji4r9p8vjip8tsh6l7l.apps.googleusercontent.com",
          "client_type": 3
        }
      ],
      "api_key": [
        {
          "current_key": "AIzaSyDI5ji4V37-R6-jDstkyCU7fmXHeZSH1yk"
        }
      ],
      "services": {
        "appinvite_service": {
          "other_platform_oauth_client": [
            {
              "client_id": "606475662442-98ee9cb1qdi1oji4r9p8vjip8tsh6l7l.apps.googleusercontent.com",
              "client_type": 3
            }
          ]
        }
      }
    }
  ],
  "configuration_version": "1"
}